<?xml version="1.0" encoding="UTF-8"?>
<project-private xmlns="http://www.netbeans.org/ns/project-private/1">
    <editor-bookmarks xmlns="http://www.netbeans.org/ns/editor-bookmarks/2" lastBookmarkId="0"/>
    <open-files xmlns="http://www.netbeans.org/ns/projectui-open-files/2">
        <group>
            <file>file:/C:/Users/RoCkY/Desktop/mess/src/mess/Home.java</file>
            <file>file:/C:/Users/RoCkY/Desktop/mess/src/mess/login.java</file>
            <file>file:/C:/Users/RoCkY/Desktop/mess/src/mess/dinfo.java</file>
            <file>file:/C:/Users/RoCkY/Desktop/mess/src/mess/Adminreg.java</file>
            <file>file:/C:/Users/RoCkY/Desktop/mess/src/mess/MySqlConnect.java</file>
            <file>file:/C:/Users/RoCkY/Desktop/mess/src/mess/mreg.java</file>
            <file>file:/C:/Users/RoCkY/Desktop/mess/src/mess/bilinfo.java</file>
            <file>file:/C:/Users/RoCkY/Desktop/mess/src/mess/Dailyreservation.java</file>
            <file>file:/C:/Users/RoCkY/Desktop/mess/src/mess/delete.java</file>
            <file>file:/C:/Users/RoCkY/Desktop/mess/src/mess/details.java</file>
            <file>file:/C:/Users/RoCkY/Desktop/mess/src/mess/trent.java</file>
            <file>file:/C:/Users/RoCkY/Desktop/mess/src/mess/payment.java</file>
        </group>
    </open-files>
</project-private>
